{
  "model_type": "residual_ridge_pure_python",
  "trained_at": "2026-03-19 14:54:20",
  "sample_count": 42,
  "feature_columns": [
    "hour",
    "temperature_c",
    "humidity_pct",
    "wind_speed_ms",
    "precip_mm",
    "base_activity",
    "temp_factor",
    "humidity_factor",
    "wind_factor",
    "rain_factor",
    "weather_modifier",
    "daily_flowering_index",
    "daily_nectar_supply_index",
    "flower_factor",
    "nectar_factor",
    "resource_factor",
    "expected_activity"
  ],
  "feature_stats": {
    "hour": {
      "mean": 14.166666666666666,
      "std": 1.8761240017230392
    },
    "temperature_c": {
      "mean": 15.380952380952381,
      "std": 3.1010933628885593
    },
    "humidity_pct": {
      "mean": 52.333333333333336,
      "std": 22.59653014520536
    },
    "wind_speed_ms": {
      "mean": 2.989419312169312,
      "std": 1.0941350841131272
    },
    "precip_mm": {
      "mean": 0.14119047619047617,
      "std": 0.4160368709676285
    },
    "base_activity": {
      "mean": 0.7262,
      "std": 0.2575631961286395
    },
    "temp_factor": {
      "mean": 0.6619047619047619,
      "std": 0.20753930316515146
    },
    "humidity_factor": {
      "mean": 0.9166666666666666,
      "std": 0.08213423005076352
    },
    "wind_factor": {
      "mean": 0.8285714285714285,
      "std": 0.1611502024668354
    },
    "rain_factor": {
      "mean": 0.9285714285714286,
      "std": 0.19059520091609047
    },
    "weather_modifier": {
      "mean": 0.7995238095238095,
      "std": 0.1090205830490035
    },
    "daily_flowering_index": {
      "mean": 0.22819285714285714,
      "std": 0.028131759656312726
    },
    "daily_nectar_supply_index": {
      "mean": 0.18576666666666666,
      "std": 0.03480648315818864
    },
    "flower_factor": {
      "mean": 0.6140738095238095,
      "std": 0.014055909781058017
    },
    "nectar_factor": {
      "mean": 0.5928619047619048,
      "std": 0.017401572895259357
    },
    "resource_factor": {
      "mean": 0.6034642857142858,
      "std": 0.015649947838473403
    },
    "expected_activity": {
      "mean": 0.3542095238095238,
      "std": 0.14049033488112744
    }
  },
  "coefficients": [
    0.0228357142857144,
    0.005214698587425319,
    0.01712686765504473,
    0.09358731950654875,
    0.023467413083364575,
    -0.0025728756796518613,
    0.05683211277772813,
    -0.044685169288552484,
    -0.025061454593529313,
    0.038406649197535954,
    0.05588595262156067,
    -0.006907736687989063,
    0.04325011952463983,
    -0.015620075570574272,
    0.042785138326237544,
    -0.014931035551144733,
    0.010827712694239053,
    -0.069700848771467
  ],
  "safeguards": {
    "full_confidence_sample_count": 72,
    "low_sample_cap": 0.04,
    "medium_sample_cap": 0.08,
    "high_sample_cap": 0.1
  }
}